※ 매월 말일자 통계 현황,Unnamed: 1,Unnamed: 2,Unnamed: 3,Unnamed: 4,Unnamed: 5,Unnamed: 6,Unnamed: 7,Unnamed: 8,Unnamed: 9,Unnamed: 10,Unnamed: 11,Unnamed: 12,Unnamed: 13,Unnamed: 14,Unnamed: 15,Unnamed: 16,Unnamed: 17,Unnamed: 18,Unnamed: 19,Unnamed: 20,Unnamed: 21,Unnamed: 22,Unnamed: 23,Unnamed: 24,Unnamed: 25
,,2026년01월,,,,,,2026년02월,,,,,,2026년03월,,,,,,2026년04월,,,,,
행정기관코드,행정기관,총 거주자수,세대수,세대당 인구,남자 인구수,여자 인구수,남여 비율,총 거주자수,세대수,세대당 인구,남자 인구수,여자 인구수,남여 비율,총 거주자수,세대수,세대당 인구,남자 인구수,여자 인구수,남여 비율,총 거주자수,세대수,세대당 인구,남자 인구수,여자 인구수,남여 비율
1100000000,서울특별시  ,"9,233,477","4,457,203",          2.07,"4,446,996","4,786,481",          0.93,"9,238,078","4,466,063",          2.07,"4,448,615","4,789,463",          0.93,"9,238,662","4,473,663",          2.07,"4,447,513","4,791,149",          0.93,"9,233,066","4,475,463",          2.06,"4,444,168","4,788,898",          0.93
1111000000,서울특별시 종로구 ,"135,136","71,069",          1.90,"64,679","70,457",          0.92,"135,116","71,186",          1.90,"64,641","70,475",          0.92,"135,176","71,382",          1.89,"64,653","70,523",          0.92,"135,081","71,441",          1.89,"64,581","70,500",          0.92
1114000000,서울특별시 중구 ,"116,352","62,797",          1.85,"55,747","60,605",          0.92,"116,268","62,869",          1.85,"55,736","60,532",          0.92,"116,415","62,961",          1.85,"55,847","60,568",          0.92,"116,427","62,971",          1.85,"55,851","60,576",          0.92
1117000000,서울특별시 용산구 ,"198,734","100,777",          1.97,"94,504","104,230",          0.91,"198,480","100,726",          1.97,"94,367","104,113",          0.91,"197,948","100,505",          1.97,"94,058","103,890",          0.91,"197,183","100,151",          1.97,"93,631","103,552",          0.90
1120000000,서울특별시 성동구 ,"272,673","131,912",          2.07,"131,544","141,129",          0.93,"272,835","132,230",          2.06,"131,544","141,291",          0.93,"273,084","132,530",          2.06,"131,637","141,447",          0.93,"272,909","132,480",          2.06,"131,566","141,343",          0.93
1121500000,서울특별시 광진구 ,"328,601","169,472",          1.94,"157,212","171,389",          0.92,"328,772","169,829",          1.94,"157,313","171,459",          0.92,"328,807","170,160",          1.93,"157,261","171,546",          0.92,"328,723","170,277",          1.93,"157,183","171,540",          0.92
1123000000,서울특별시 동대문구 ,"346,426","176,144",          1.97,"168,742","177,684",          0.95,"348,210","177,438",          1.96,"169,563","178,647",          0.95,"349,373","178,454",          1.96,"170,079","179,294",          0.95,"349,491","178,630",          1.96,"170,129","179,362",          0.95
1126000000,서울특별시 중랑구 ,"375,109","188,202",          1.99,"182,983","192,126",          0.95,"375,077","188,529",          1.99,"182,877","192,200",          0.95,"374,876","188,637",          1.99,"182,757","192,119",          0.95,"374,803","188,745",          1.99,"182,748","192,055",          0.95
1129000000,서울특별시 성북구 ,"419,522","196,829",          2.13,"200,414","219,108",          0.91,"419,929","197,522",          2.13,"200,595","219,334",          0.91,"420,178","198,104",          2.12,"200,518","219,660",          0.91,"419,853","198,104",          2.12,"200,303","219,550",          0.91
1130500000,서울특별시 강북구 ,"276,750","140,761",          1.97,"132,973","143,777",          0.92,"276,794","141,012",          1.96,"132,970","143,824",          0.92,"276,786","141,216",          1.96,"132,863","143,923",          0.92,"276,525","141,252",          1.96,"132,752","143,773",          0.92
1132000000,서울특별시 도봉구 ,"297,739","137,717",          2.16,"143,580","154,159",          0.93,"297,508","137,795",          2.16,"143,478","154,030",          0.93,"297,295","137,911",          2.16,"143,294","154,001",          0.93,"297,059","137,936",          2.15,"143,234","153,825",          0.93
1135000000,서울특별시 노원구 ,"480,303","214,663",          2.24,"229,666","250,637",          0.92,"480,143","214,996",          2.23,"229,609","250,534",          0.92,"480,352","215,906",          2.22,"229,727","250,625",          0.92,"479,965","216,078",          2.22,"229,458","250,507",          0.92
1138000000,서울특별시 은평구 ,"452,115","212,518",          2.13,"213,803","238,312",          0.90,"451,605","212,625",          2.12,"213,496","238,109",          0.90,"451,385","212,761",          2.12,"213,364","238,021",          0.90,"450,831","212,734",          2.12,"213,092","237,739",          0.90
1141000000,서울특별시 서대문구 ,"297,580","144,528",          2.06,"140,604","156,976",          0.90,"297,813","144,966",          2.05,"140,617","157,196",          0.89,"298,233","145,450",          2.05,"140,635","157,598",          0.89,"298,046","145,604",          2.05,"140,485","157,561",          0.89
1144000000,서울특별시 마포구 ,"354,230","178,067",          1.99,"164,368","189,862",          0.87,"354,161","178,354",          1.99,"164,286","189,875",          0.87,"353,997","178,473",          1.98,"164,245","189,752",          0.87,"353,917","178,526",          1.98,"164,199","189,718",          0.87
1147000000,서울특별시 양천구 ,"422,257","177,811",          2.37,"205,412","216,845",          0.95,"422,155","177,994",          2.37,"205,380","216,775",          0.95,"421,364","177,964",          2.37,"204,922","216,442",          0.95,"420,607","177,880",          2.36,"204,586","216,021",          0.95
1150000000,서울특별시 강서구 ,"546,456","271,603",          2.01,"260,873","285,583",          0.91,"545,970","271,696",          2.01,"260,526","285,444",          0.91,"545,913","272,022",          2.01,"260,454","285,459",          0.91,"545,653","272,224",          2.00,"260,299","285,354",          0.91
1153000000,서울특별시 구로구 ,"381,281","182,848",          2.09,"186,200","195,081",          0.95,"380,865","182,948",          2.08,"186,020","194,845",          0.95,"380,911","183,261",          2.08,"185,987","194,924",          0.95,"380,796","183,461",          2.08,"185,878","194,918",          0.95
1154500000,서울특별시 금천구 ,"221,840","120,566",          1.84,"111,296","110,544",          1.01,"221,639","120,646",          1.84,"111,194","110,445",          1.01,"221,554","120,788",          1.83,"111,113","110,441",          1.01,"221,562","120,942",          1.83,"111,078","110,484",          1.01
1156000000,서울특별시 영등포구 ,"368,295","190,386",          1.93,"179,452","188,843",          0.95,"368,150","190,648",          1.93,"179,329","188,821",          0.95,"368,299","190,902",          1.93,"179,356","188,943",          0.95,"368,598","191,258",          1.93,"179,516","189,082",          0.95
1159000000,서울특별시 동작구 ,"369,347","185,193",          1.99,"178,191","191,156",          0.93,"369,340","185,622",          1.99,"178,233","191,107",          0.93,"369,835","186,237",          1.99,"178,426","191,409",          0.93,"369,852","186,435",          1.98,"178,441","191,411",          0.93
1162000000,서울특별시 관악구 ,"474,352","286,494",          1.66,"238,326","236,026",          1.01,"474,921","287,511",          1.65,"238,542","236,379",          1.01,"475,220","288,319",          1.65,"238,619","236,601",          1.01,"474,894","288,482",          1.65,"238,386","236,508",          1.01
1165000000,서울특별시 서초구 ,"411,346","171,382",          2.40,"195,489","215,857",          0.91,"411,632","171,504",          2.40,"195,552","216,080",          0.90,"411,494","171,586",          2.40,"195,413","216,081",          0.90,"410,939","171,429",          2.40,"195,097","215,842",          0.90
1168000000,서울특별시 강남구 ,"548,767","240,229",          2.28,"261,991","286,776",          0.91,"548,452","240,275",          2.28,"261,834","286,618",          0.91,"547,136","240,031",          2.28,"261,114","286,022",          0.91,"546,252","239,876",          2.28,"260,604","285,648",          0.91
1171000000,서울특별시 송파구 ,"641,695","284,279",          2.26,"307,095","334,600",          0.92,"644,898","285,650",          2.26,"308,696","336,202",          0.92,"645,942","286,439",          2.26,"309,180","336,762",          0.92,"646,319","286,834",          2.25,"309,275","337,044",          0.92
1174000000,서울특별시 강동구 ,"496,571","220,956",          2.25,"241,852","254,719",          0.95,"497,345","221,492",          2.25,"242,217","255,128",          0.95,"497,089","221,664",          2.24,"241,991","255,098",          0.95,"496,781","221,713",          2.24,"241,796","254,985",          0.95
2600000000,부산광역시  ,"3,226,530","1,563,790",          2.06,"1,567,353","1,659,177",          0.94,"3,225,845","1,566,496",          2.06,"1,566,926","1,658,919",          0.94,"3,224,128","1,569,010",          2.05,"1,565,900","1,658,228",          0.94,"3,222,336","1,570,001",          2.05,"1,564,948","1,657,388",          0.94
2611000000,부산광역시 중구 ,"36,156","22,994",          1.57,"17,486","18,670",          0.94,"36,109","23,035",          1.57,"17,488","18,621",          0.94,"36,108","23,098",          1.56,"17,474","18,634",          0.94,"36,118","23,124",          1.56,"17,473","18,645",          0.94
2614000000,부산광역시 서구 ,"101,157","52,930",          1.91,"48,469","52,688",          0.92,"101,092","53,009",          1.91,"48,425","52,667",          0.92,"100,975","53,047",          1.90,"48,335","52,640",          0.92,"100,838","53,016",          1.90,"48,278","52,560",          0.92
2617000000,부산광역시 동구 ,"83,268","45,884",          1.81,"40,373","42,895",          0.94,"83,060","45,871",          1.81,"40,280","42,780",          0.94,"83,036","45,872",          1.81,"40,269","42,767",          0.94,"82,981","45,909",          1.81,"40,236","42,745",          0.94
2620000000,부산광역시 영도구 ,"100,778","52,773",          1.91,"49,362","51,416",          0.96,"100,471","52,682",          1.91,"49,199","51,272",          0.96,"100,267","52,660",          1.90,"49,105","51,162",          0.96,"100,176","52,707",          1.90,"49,074","51,102",          0.96
2623000000,부산광역시 부산진구 ,"363,573","187,305",          1.94,"173,637","189,936",          0.91,"363,593","187,698",          1.94,"173,556","190,037",          0.91,"363,502","187,984",          1.93,"173,437","190,065",          0.91,"363,371","188,068",          1.93,"173,392","189,979",          0.91
2626000000,부산광역시 동래구 ,"272,245","122,034",          2.23,"130,959","141,286",          0.93,"271,821","122,016",          2.23,"130,691","141,130",          0.93,"271,239","121,948",          2.22,"130,390","140,849",          0.93,"270,900","121,903",          2.22,"130,218","140,682",          0.93
2629000000,부산광역시 남구 ,"250,106","118,325",          2.11,"121,267","128,839",          0.94,"251,746","119,455",          2.11,"122,128","129,618",          0.94,"252,761","120,311",          2.10,"122,637","130,124",          0.94,"252,913","120,492",          2.10,"122,719","130,194",          0.94
2632000000,부산광역시 북구 ,"261,720","121,305",          2.16,"128,152","133,568",          0.96,"261,213","121,313",          2.15,"127,888","133,325",          0.96,"260,766","121,389",          2.15,"127,652","133,114",          0.96,"260,534","121,478",          2.14,"127,545","132,989",          0.96
2635000000,부산광역시 해운대구 ,"370,358","168,252",          2.20,"177,173","193,185",          0.92,"370,139","168,354",          2.20,"177,107","193,032",          0.92,"369,440","168,413",          2.19,"176,775","192,665",          0.92,"369,127","168,538",          2.19,"176,603","192,524",          0.92
2638000000,부산광역시 사하구 ,"284,531","138,680",          2.05,"140,881","143,650",          0.98,"283,656","138,655",          2.05,"140,451","143,205",          0.98,"282,958","138,626",          2.04,"140,127","142,831",          0.98,"282,273","138,535",          2.04,"139,767","142,506",          0.98
2641000000,부산광역시 금정구 ,"205,254","103,661",          1.98,"99,723","105,531",          0.94,"205,154","103,892",          1.97,"99,662","105,492",          0.94,"205,256","104,427",          1.97,"99,648","105,608",          0.94,"205,096","104,545",          1.96,"99,567","105,529",          0.94
2644000000,부산광역시 강서구 ,"150,557","65,276",          2.31,"77,779","72,778",          1.07,"151,594","65,715",          2.31,"78,336","73,258",          1.07,"152,125","65,933",          2.31,"78,606","73,519",          1.07,"152,538","66,115",          2.31,"78,802","73,736",          1.07
2647000000,부산광역시 연제구 ,"211,005","99,813",          2.11,"100,478","110,527",          0.91,"210,841","99,947",          2.11,"100,344","110,497",          0.91,"210,764","100,088",          2.11,"100,281","110,483",          0.91,"210,832","100,214",          2.10,"100,291","110,541",          0.91
2650000000,부산광역시 수영구 ,"167,946","86,810",          1.93,"78,630","89,316",          0.88,"167,775","86,908",          1.93,"78,538","89,237",          0.88,"167,618","87,001",          1.93,"78,480","89,138",          0.88,"167,617","87,063",          1.93,"78,453","89,164",          0.88
2653000000,부산광역시 사상구 ,"193,051","97,873",          1.97,"96,366","96,685",          1.00,"192,776","97,982",          1.97,"96,206","96,570",          1.00,"192,493","98,062",          1.96,"96,054","96,439",          1.00,"192,220","98,067",          1.96,"95,918","96,302",          1.00
2671000000,부산광역시 기장군 ,"174,825","79,875",          2.19,"86,618","88,207",          0.98,"174,805","79,964",          2.19,"86,627","88,178",          0.98,"174,820","80,151",          2.18,"86,630","88,190",          0.98,"174,802","80,227",          2.18,"86,612","88,190",          0.98
2700000000,대구광역시  ,"2,344,686","1,107,080",          2.12,"1,147,658","1,197,028",          0.96,"2,343,924","1,109,063",          2.11,"1,147,161","1,196,763",          0.96,"2,342,543","1,111,528",          2.11,"1,146,242","1,196,301",          0.96,"2,341,909","1,113,063",          2.10,"1,145,871","1,196,038",          0.96
2711000000,대구광역시 중구 ,"100,580","50,022",          2.01,"47,983","52,597",          0.91,"100,563","50,098",          2.01,"47,985","52,578",          0.91,"100,830","50,411",          2.00,"48,123","52,707",          0.91,"101,061","50,616",          2.00,"48,254","52,807",          0.91
2714000000,대구광역시 동구 ,"337,922","164,710",          2.05,"164,928","172,994",          0.95,"337,513","164,745",          2.05,"164,666","172,847",          0.95,"337,184","164,915",          2.04,"164,504","172,680",          0.95,"337,044","165,069",          2.04,"164,372","172,672",          0.95
2717000000,대구광역시 서구 ,"163,309","84,642",          1.93,"80,754","82,555",          0.98,"163,282","84,738",          1.93,"80,703","82,579",          0.98,"163,158","84,886",          1.92,"80,643","82,515",          0.98,"163,136","84,990",          1.92,"80,627","82,509",          0.98
2720000000,대구광역시 남구 ,"135,636","75,320",          1.80,"64,477","71,159",          0.91,"136,896","75,995",          1.80,"65,063","71,833",          0.91,"137,698","76,501",          1.80,"65,394","72,304",          0.90,"138,281","76,878",          1.80,"65,670","72,611",          0.90
2723000000,대구광역시 북구 ,"407,802","191,737",          2.13,"201,456","206,346",          0.98,"407,391","192,200",          2.12,"201,291","206,100",          0.98,"407,128","192,839",          2.11,"201,133","205,995",          0.98,"406,787","193,106",          2.11,"200,970","205,817",          0.98
2726000000,대구광역시 수성구 ,"408,088","176,058",          2.32,"195,921","212,167",          0.92,"408,050","176,321",          2.31,"195,868","212,182",          0.92,"407,678","176,571",          2.31,"195,627","212,051",          0.92,"407,492","176,772",          2.31,"195,542","211,950",          0.92
2729000000,대구광역시 달서구 ,"515,076","237,520",          2.17,"251,933","263,143",          0.96,"514,605","237,926",          2.16,"251,629","262,976",          0.96,"513,733","238,339",          2.16,"251,175","262,558",          0.96,"513,287","238,577",          2.15,"250,889","262,398",          0.96
2771000000,대구광역시 달성군 ,"253,788","113,594",          2.23,"128,492","125,296",          1.03,"253,106","113,552",          2.23,"128,218","124,888",          1.03,"252,596","113,586",          2.22,"127,892","124,704",          1.03,"252,202","113,559",          2.22,"127,747","124,455",          1.03
2772000000,대구광역시 군위군 ,"22,485","13,477",          1.67,"11,714","10,771",          1.09,"22,518","13,488",          1.67,"11,738","10,780",          1.09,"22,538","13,480",          1.67,"11,751","10,787",          1.09,"22,619","13,496",          1.68,"11,800","10,819",          1.09
2800000000,인천광역시  ,"3,038,399","1,390,407",          2.19,"1,516,050","1,522,349",          1.00,"3,039,572","1,392,829",          2.18,"1,516,643","1,522,929",          1.00,"3,041,252","1,396,032",          2.18,"1,517,410","1,523,842",          1.00,"3,042,501","1,398,214",          2.18,"1,517,951","1,524,550",          1.00
2811000000,인천광역시 중구 ,"175,965","88,368",          1.99,"91,050","84,915",          1.07,"176,405","88,621",          1.99,"91,311","85,094",          1.07,"176,723","88,884",          1.99,"91,470","85,253",          1.07,"177,013","89,113",          1.99,"91,603","85,410",          1.07
2811400000,인천광역시 중구영종출장소 ,0,0,          0.00,0,0,          0.00,0,0,          0.00,0,0,          0.00,0,0,          0.00,0,0,          0.00,0,0,          0.00,0,0,          0.00
2811800000,인천광역시 중구용유출장소 ,0,0,          0.00,0,0,          0.00,0,0,          0.00,0,0,          0.00,0,0,          0.00,0,0,          0.00,0,0,          0.00,0,0,          0.00
2814000000,인천광역시 동구 ,"56,232","27,046",          2.08,"28,086","28,146",          1.00,"56,796","27,394",          2.07,"28,378","28,418",          1.00,"57,367","27,731",          2.07,"28,686","28,681",          1.00,"57,518","27,843",          2.07,"28,748","28,770",          1.00
2817700000,인천광역시 미추홀구 ,"414,783","203,103",          2.04,"208,243","206,540",          1.01,"414,548","203,307",          2.04,"208,084","206,464",          1.01,"415,120","204,194",          2.03,"208,467","206,653",          1.01,"415,181","204,467",          2.03,"208,547","206,634",          1.01
2818500000,인천광역시 연수구 ,"408,072","167,408",          2.44,"201,822","206,250",          0.98,"408,289","167,551",          2.44,"201,916","206,373",          0.98,"408,299","167,748",          2.43,"201,930","206,369",          0.98,"408,446","167,911",          2.43,"202,014","206,432",          0.98
2820000000,인천광역시 남동구 ,"477,309","223,327",          2.14,"236,254","241,055",          0.98,"477,103","223,710",          2.13,"236,186","240,917",          0.98,"476,971","224,122",          2.13,"236,077","240,894",          0.98,"476,861","224,480",          2.12,"236,008","240,853",          0.98
2823700000,인천광역시 부평구 ,"487,802","224,419",          2.17,"239,326","248,476",          0.96,"487,490","224,614",          2.17,"239,184","248,306",          0.96,"486,983","224,797",          2.17,"238,890","248,093",          0.96,"486,717","224,941",          2.16,"238,661","248,056",          0.96
2824500000,인천광역시 계양구 ,"276,264","127,587",          2.17,"137,288","138,976",          0.99,"276,009","127,730",          2.16,"137,139","138,870",          0.99,"275,795","127,883",          2.16,"137,023","138,772",          0.99,"275,489","127,989",          2.15,"136,856","138,633",          0.99
2826000000,인천광역시 서구 ,"653,071","280,937",          2.32,"328,127","324,944",          1.01,"654,153","281,729",          2.32,"328,650","325,503",          1.01,"655,304","282,486",          2.32,"329,141","326,163",          1.01,"656,572","283,229",          2.32,"329,746","326,826",          1.01
2826500000,인천광역시 서구검단출장소 ,0,0,          0.00,0,0,          0.00,0,0,          0.00,0,0,          0.00,0,0,          0.00,0,0,          0.00,0,0,          0.00,0,0,          0.00
2871000000,인천광역시 강화군 ,"69,420","35,994",          1.93,"34,732","34,688",          1.00,"69,402","36,003",          1.93,"34,748","34,654",          1.00,"69,340","36,042",          1.92,"34,703","34,637",          1.00,"69,384","36,098",          1.92,"34,758","34,626",          1.00
2872000000,인천광역시 옹진군 ,"19,481","12,218",          1.59,"11,122","8,359",          1.33,"19,377","12,170",          1.59,"11,047","8,330",          1.33,"19,350","12,145",          1.59,"11,023","8,327",          1.32,"19,320","12,143",          1.59,"11,010","8,310",          1.32
2900000000,광주광역시  ,"1,386,614","654,930",          2.12,"683,450","703,164",          0.97,"1,385,237","655,685",          2.11,"682,702","702,535",          0.97,"1,383,649","656,609",          2.11,"681,799","701,850",          0.97,"1,382,633","657,479",          2.10,"681,297","701,336",          0.97
2911000000,광주광역시 동구 ,"104,325","54,777",          1.90,"51,000","53,325",          0.96,"104,329","54,939",          1.90,"50,985","53,344",          0.96,"104,280","55,003",          1.90,"50,925","53,355",          0.95,"104,271","55,106",          1.89,"50,927","53,344",          0.95
2914000000,광주광역시 서구 ,"274,339","132,022",          2.08,"133,892","140,447",          0.95,"274,776","132,437",          2.07,"134,127","140,649",          0.95,"274,861","132,764",          2.07,"134,154","140,707",          0.95,"274,298","132,762",          2.07,"133,938","140,360",          0.95
2915500000,광주광역시 남구 ,"206,765","95,774",          2.16,"98,691","108,074",          0.91,"206,539","95,795",          2.16,"98,564","107,975",          0.91,"206,223","95,954",          2.15,"98,366","107,857",          0.91,"205,899","95,966",          2.15,"98,178","107,721",          0.91
2917000000,광주광역시 북구 ,"415,046","200,136",          2.07,"204,886","210,160",          0.97,"414,269","200,172",          2.07,"204,451","209,818",          0.97,"413,593","200,402",          2.06,"204,118","209,475",          0.97,"414,392","201,209",          2.06,"204,515","209,877",          0.97
2920000000,광주광역시 광산구 ,"386,139","172,221",          2.24,"194,981","191,158",          1.02,"385,324","172,342",          2.24,"194,575","190,749",          1.02,"384,692","172,486",          2.23,"194,236","190,456",          1.02,"383,773","172,436",          2.23,"193,739","190,034",          1.02
3000000000,대전광역시  ,"1,435,547","693,588",          2.07,"714,600","720,947",          0.99,"1,436,456","695,701",          2.06,"715,012","721,444",          0.99,"1,436,857","697,818",          2.06,"715,098","721,759",          0.99,"1,436,760","698,737",          2.06,"714,970","721,790",          0.99
3011000000,대전광역시 동구 ,"217,332","111,742",          1.94,"109,253","108,079",          1.01,"217,391","112,116",          1.94,"109,257","108,134",          1.01,"217,543","112,595",          1.93,"109,360","108,183",          1.01,"217,576","112,840",          1.93,"109,370","108,206",          1.01
3014000000,대전광역시 중구 ,"224,578","109,080",          2.06,"109,836","114,742",          0.96,"224,411","109,145",          2.06,"109,704","114,707",          0.96,"224,153","109,186",          2.05,"109,471","114,682",          0.95,"223,824","109,182",          2.05,"109,284","114,540",          0.95
3017000000,대전광역시 서구 ,"461,728","221,027",          2.09,"225,958","235,770",          0.96,"462,170","221,898",          2.08,"226,178","235,992",          0.96,"461,944","222,442",          2.08,"226,010","235,934",          0.96,"461,902","222,744",          2.07,"225,943","235,959",          0.96
3020000000,대전광역시 유성구 ,"367,318","171,283",          2.14,"186,071","181,247",          1.03,"368,097","172,012",          2.14,"186,498","181,599",          1.03,"369,043","172,990",          2.13,"187,010","182,033",          1.03,"369,587","173,398",          2.13,"187,313","182,274",          1.03
3023000000,대전광역시 대덕구 ,"164,591","80,456",          2.05,"83,482","81,109",          1.03,"164,387","80,530",          2.04,"83,375","81,012",          1.03,"164,174","80,605",          2.04,"83,247","80,927",          1.03,"163,871","80,573",          2.03,"83,060","80,811",          1.03
3100000000,울산광역시  ,"1,088,304","496,986",          2.19,"560,611","527,693",          1.06,"1,086,893","497,442",          2.18,"560,017","526,876",          1.06,"1,085,798","498,086",          2.18,"559,560","526,238",          1.06,"1,085,194","498,441",          2.18,"559,237","525,957",          1.06
3111000000,울산광역시 중구 ,"203,426","94,431",          2.15,"102,789","100,637",          1.02,"203,146","94,446",          2.15,"102,631","100,515",          1.02,"202,862","94,515",          2.15,"102,498","100,364",          1.02,"202,821","94,609",          2.14,"102,441","100,380",          1.02
3114000000,울산광역시 남구 ,"303,462","142,206",          2.13,"155,233","148,229",          1.05,"303,582","142,496",          2.13,"155,310","148,272",          1.05,"303,537","142,784",          2.13,"155,328","148,209",          1.05,"303,439","142,919",          2.12,"155,288","148,151",          1.05
3117000000,울산광역시 동구 ,"148,586","67,911",          2.19,"77,693","70,893",          1.10,"148,072","67,889",          2.18,"77,467","70,605",          1.10,"147,803","67,964",          2.17,"77,362","70,441",          1.10,"147,533","67,966",          2.17,"77,197","70,336",          1.10
3120000000,울산광역시 북구 ,"214,423","89,743",          2.39,"111,576","102,847",          1.08,"214,004","89,842",          2.38,"111,424","102,580",          1.09,"213,788","89,988",          2.38,"111,317","102,471",          1.09,"213,650","90,058",          2.37,"111,253","102,397",          1.09
3171000000,울산광역시 울주군 ,"218,407","102,695",          2.13,"113,320","105,087",          1.08,"218,089","102,769",          2.12,"113,185","104,904",          1.08,"217,808","102,835",          2.12,"113,055","104,753",          1.08,"217,751","102,889",          2.12,"113,058","104,693",          1.08
3600000000,세종특별자치시  ,"390,719","164,560",          2.37,"194,479","196,240",          0.99,"390,481","164,887",          2.37,"194,361","196,120",          0.99,"390,312","165,228",          2.36,"194,324","195,988",          0.99,"390,266","165,378",          2.36,"194,323","195,943",          0.99
3611000000,세종특별자치시  ,"390,719","164,560",          2.37,"194,479","196,240",          0.99,"390,481","164,887",          2.37,"194,361","196,120",          0.99,"390,312","165,228",          2.36,"194,324","195,988",          0.99,"390,266","165,378",          2.36,"194,323","195,943",          0.99
4100000000,경기도  ,"13,673,766","6,083,377",          2.25,"6,862,654","6,811,112",          1.01,"13,679,487","6,094,273",          2.24,"6,865,050","6,814,437",          1.01,"13,683,482","6,106,019",          2.24,"6,866,822","6,816,660",          1.01,"13,689,215","6,114,952",          2.24,"6,869,455","6,819,760",          1.01
4111000000,경기도 수원시 ,"1,180,701","538,011",          2.19,"592,493","588,208",          1.01,"1,180,768","539,020",          2.19,"592,584","588,184",          1.01,"1,180,906","540,141",          2.19,"592,481","588,425",          1.01,"1,180,895","540,792",          2.18,"592,402","588,493",          1.01
4111100000,경기도 수원시 장안구 ,"269,654","121,411",          2.22,"135,038","134,616",          1.00,"269,650","121,667",          2.22,"135,101","134,549",          1.00,"269,415","121,883",          2.21,"135,025","134,390",          1.00,"269,163","121,941",          2.21,"134,887","134,276",          1.00
4111300000,경기도 수원시 권선구 ,"359,510","164,674",          2.18,"181,255","178,255",          1.02,"359,244","164,801",          2.18,"181,084","178,160",          1.02,"359,110","165,056",          2.18,"180,916","178,194",          1.02,"359,082","165,276",          2.17,"180,889","178,193",          1.02
4111500000,경기도 수원시 팔달구 ,"190,664","96,605",          1.97,"95,588","95,076",          1.01,"191,169","97,070",          1.97,"95,842","95,327",          1.01,"191,691","97,484",          1.97,"96,057","95,634",          1.00,"191,929","97,685",          1.96,"96,182","95,747",          1.00
4111700000,경기도 수원시 영통구 ,"360,873","155,321",          2.32,"180,612","180,261",          1.00,"360,705","155,482",          2.32,"180,557","180,148",          1.00,"360,690","155,718",          2.32,"180,483","180,207",          1.00,"360,721","155,890",          2.31,"180,444","180,277",          1.00
4113000000,경기도 성남시 ,"900,569","405,809",          2.22,"444,557","456,012",          0.97,"900,637","406,403",          2.22,"444,596","456,041",          0.97,"899,956","406,627",          2.21,"444,190","455,766",          0.97,"899,060","406,421",          2.21,"443,761","455,299",          0.97
4113100000,경기도 성남시 수정구 ,"231,963","115,504",          2.01,"117,086","114,877",          1.02,"232,792","115,998",          2.01,"117,523","115,269",          1.02,"233,058","116,258",          2.00,"117,683","115,375",          1.02,"232,907","116,262",          2.00,"117,561","115,346",          1.02
4113300000,경기도 성남시 중원구 ,"201,889","98,671",          2.05,"101,511","100,378",          1.01,"201,555","98,734",          2.04,"101,317","100,238",          1.01,"201,037","98,699",          2.04,"100,997","100,040",          1.01,"200,669","98,555",          2.04,"100,865","99,804",          1.01
4113500000,경기도 성남시 분당구 ,"466,717","191,634",          2.44,"225,960","240,757",          0.94,"466,290","191,671",          2.43,"225,756","240,534",          0.94,"465,861","191,670",          2.43,"225,510","240,351",          0.94,"465,484","191,604",          2.43,"225,335","240,149",          0.94
4115000000,경기도 의정부시 ,"459,102","210,608",          2.18,"225,174","233,928",          0.96,"459,176","210,935",          2.18,"225,153","234,023",          0.96,"459,054","211,264",          2.17,"224,984","234,070",          0.96,"459,346","211,601",          2.17,"225,135","234,211",          0.96
4117000000,경기도 안양시 ,"560,889","238,369",          2.35,"276,376","284,513",          0.97,"560,949","238,669",          2.35,"276,350","284,599",          0.97,"560,242","238,733",          2.35,"275,956","284,286",          0.97,"560,007","238,850",          2.34,"275,799","284,208",          0.97
4117100000,경기도 안양시 만안구 ,"232,546","104,739",          2.22,"115,696","116,850",          0.99,"232,502","104,883",          2.22,"115,648","116,854",          0.99,"232,306","105,008",          2.21,"115,539","116,767",          0.99,"232,265","105,108",          2.21,"115,473","116,792",          0.99
4117300000,경기도 안양시 동안구 ,"328,343","133,630",          2.46,"160,680","167,663",          0.96,"328,447","133,786",          2.46,"160,702","167,745",          0.96,"327,936","133,725",          2.45,"160,417","167,519",          0.96,"327,742","133,742",          2.45,"160,326","167,416",          0.96
4119000000,경기도 부천시 ,"754,610","339,705",          2.22,"371,557","383,053",          0.97,"753,859","339,937",          2.22,"371,035","382,824",          0.97,"753,127","340,238",          2.21,"370,557","382,570",          0.97,"752,812","340,796",          2.21,"370,289","382,523",          0.97
4119200000,경기도 부천시 원미구 ,"382,052","172,923",          2.21,"187,116","194,936",          0.96,"381,597","173,060",          2.20,"186,820","194,777",          0.96,"381,226","173,262",          2.20,"186,579","194,647",          0.96,"380,986","173,409",          2.20,"186,429","194,557",          0.96
4119400000,경기도 부천시 소사구 ,"224,371","98,090",          2.29,"109,784","114,587",          0.96,"224,091","98,114",          2.28,"109,587","114,504",          0.96,"223,921","98,202",          2.28,"109,490","114,431",          0.96,"223,716","98,258",          2.28,"109,338","114,378",          0.96
4119600000,경기도 부천시 오정구 ,"148,187","68,692",          2.16,"74,657","73,530",          1.02,"148,171","68,763",          2.15,"74,628","73,543",          1.01,"147,980","68,774",          2.15,"74,488","73,492",          1.01,"148,110","69,129",          2.14,"74,522","73,588",          1.01
4121000000,경기도 광명시 ,"296,306","123,913",          2.39,"145,011","151,295",          0.96,"299,674","125,452",          2.39,"146,698","152,976",          0.96,"301,255","126,244",          2.39,"147,469","153,786",          0.96,"301,963","126,665",          2.38,"147,802","154,161",          0.96
4122000000,경기도 평택시 ,"609,230","291,347",          2.09,"319,620","289,610",          1.10,"610,563","292,429",          2.09,"320,393","290,170",          1.10,"612,231","293,786",          2.08,"321,447","290,784",          1.11,"613,662","294,933",          2.08,"322,409","291,253",          1.11
4122200000,경기도 송탄출장소 ,0,0,          0.00,0,0,          0.00,0,0,          0.00,0,0,          0.00,0,0,          0.00,0,0,          0.00,0,0,          0.00,0,0,          0.00
4122400000,경기도 안중출장소 ,0,0,          0.00,0,0,          0.00,0,0,          0.00,0,0,          0.00,0,0,          0.00,0,0,          0.00,0,0,          0.00,0,0,          0.00
4125000000,경기도 동두천시 ,"85,641","42,998",          1.99,"42,627","43,014",          0.99,"85,608","43,055",          1.99,"42,612","42,996",          0.99,"85,647","43,169",          1.98,"42,649","42,998",          0.99,"85,618","43,215",          1.98,"42,638","42,980",          0.99
4127000000,경기도 안산시 ,"608,424","285,069",          2.13,"311,301","297,123",          1.05,"608,043","285,524",          2.13,"311,113","296,930",          1.05,"607,388","285,866",          2.12,"310,743","296,645",          1.05,"606,700","286,043",          2.12,"310,377","296,323",          1.05
4127100000,경기도 안산시 상록구 ,"320,447","150,141",          2.13,"163,461","156,986",          1.04,"320,298","150,392",          2.13,"163,363","156,935",          1.04,"319,761","150,546",          2.12,"163,091","156,670",          1.04,"319,321","150,581",          2.12,"162,874","156,447",          1.04
4127300000,경기도 안산시 단원구 ,"287,977","134,928",          2.13,"147,840","140,137",          1.05,"287,745","135,132",          2.13,"147,750","139,995",          1.06,"287,627","135,320",          2.13,"147,652","139,975",          1.05,"287,379","135,462",          2.12,"147,503","139,876",          1.05
4128000000,경기도 고양시 ,"1,053,754","462,404",          2.28,"512,537","541,217",          0.95,"1,053,212","462,857",          2.28,"512,182","541,030",          0.95,"1,051,878","463,110",          2.27,"511,470","540,408",          0.95,"1,051,628","463,503",          2.27,"511,166","540,462",          0.95
4128100000,경기도 고양시 덕양구 ,"482,609","217,352",          2.22,"236,367","246,242",          0.96,"482,136","217,416",          2.22,"236,120","246,016",          0.96,"481,607","217,550",          2.21,"235,821","245,786",          0.96,"481,199","217,576",          2.21,"235,515","245,684",          0.96
4128500000,경기도 고양시 일산동구 ,"295,087","131,715",          2.24,"142,995","152,092",          0.94,"295,292","132,032",          2.24,"143,047","152,245",          0.94,"295,020","132,143",          2.23,"142,865","152,155",          0.94,"295,481","132,515",          2.23,"143,090","152,391",          0.94
4128700000,경기도 고양시 일산서구 ,"276,058","113,337",          2.44,"133,175","142,883",          0.93,"275,784","113,409",          2.43,"133,015","142,769",          0.93,"275,251","113,417",          2.43,"132,784","142,467",          0.93,"274,948","113,412",          2.42,"132,561","142,387",          0.93
4129000000,경기도 과천시 ,"79,553","28,544",          2.79,"38,732","40,821",          0.95,"79,700","28,637",          2.78,"38,814","40,886",          0.95,"79,799","28,738",          2.78,"38,862","40,937",          0.95,"79,848","28,787",          2.77,"38,880","40,968",          0.95
4131000000,경기도 구리시 ,"185,229","81,233",          2.28,"91,637","93,592",          0.98,"185,062","81,279",          2.28,"91,534","93,528",          0.98,"185,114","81,417",          2.27,"91,549","93,565",          0.98,"185,986","82,004",          2.27,"91,991","93,995",          0.98
4136000000,경기도 남양주시 ,"726,410","306,661",          2.37,"358,899","367,511",          0.98,"726,015","306,830",          2.37,"358,654","367,361",          0.98,"725,475","306,981",          2.36,"358,242","367,233",          0.98,"725,040","306,981",          2.36,"358,022","367,018",          0.98
4136200000,경기도 풍양출장소 ,0,0,          0.00,0,0,          0.00,0,0,          0.00,0,0,          0.00,0,0,          0.00,0,0,          0.00,0,0,          0.00,0,0,          0.00
4137000000,경기도 오산시 ,"249,021","114,649",          2.17,"129,719","119,302",          1.09,"249,428","114,978",          2.17,"129,956","119,472",          1.09,"249,698","115,302",          2.17,"130,160","119,538",          1.09,"250,327","115,636",          2.16,"130,465","119,862",          1.09
4139000000,경기도 시흥시 ,"512,329","227,797",          2.25,"266,364","245,965",          1.08,"511,997","227,878",          2.25,"266,157","245,840",          1.08,"512,151","228,569",          2.24,"266,370","245,781",          1.08,"512,511","229,167",          2.24,"266,568","245,943",          1.08
4141000000,경기도 군포시 ,"250,009","110,961",          2.25,"123,810","126,199",          0.98,"249,683","110,966",          2.25,"123,615","126,068",          0.98,"249,283","111,038",          2.25,"123,369","125,914",          0.98,"248,987","111,035",          2.24,"123,198","125,789",          0.98
4143000000,경기도 의왕시 ,"160,153","65,782",          2.43,"79,079","81,074",          0.98,"160,501","66,033",          2.43,"79,187","81,314",          0.97,"161,537","66,525",          2.43,"79,736","81,801",          0.97,"162,301","66,880",          2.43,"80,116","82,185",          0.97
4145000000,경기도 하남시 ,"326,816","140,209",          2.33,"162,096","164,720",          0.98,"326,516","140,200",          2.33,"161,939","164,577",          0.98,"326,600","140,216",          2.33,"161,925","164,675",          0.98,"326,468","140,231",          2.33,"161,871","164,597",          0.98
4146000000,경기도 용인시 ,"1,085,869","445,904",          2.44,"537,660","548,209",          0.98,"1,085,655","446,556",          2.43,"537,511","548,144",          0.98,"1,085,315","447,194",          2.43,"537,386","547,929",          0.98,"1,085,176","447,300",          2.43,"537,386","547,790",          0.98
4146100000,경기도 용인시 처인구 ,"281,569","128,752",          2.19,"144,003","137,566",          1.05,"282,147","129,209",          2.18,"144,268","137,879",          1.05,"283,163","129,927",          2.18,"144,765","138,398",          1.05,"284,074","130,256",          2.18,"145,329","138,745",          1.05
4146300000,경기도 용인시 기흥구 ,"432,437","175,910",          2.46,"212,798","219,639",          0.97,"432,305","176,178",          2.45,"212,707","219,598",          0.97,"432,227","176,406",          2.45,"212,682","219,545",          0.97,"432,257","176,541",          2.45,"212,629","219,628",          0.97
4146500000,경기도 용인시 수지구 ,"371,863","141,242",          2.63,"180,859","191,004",          0.95,"371,203","141,169",          2.63,"180,536","190,667",          0.95,"369,925","140,861",          2.63,"179,939","189,986",          0.95,"368,845","140,503",          2.63,"179,428","189,417",          0.95
4148000000,경기도 파주시 ,"524,973","232,403",          2.26,"264,355","260,618",          1.01,"526,410","233,166",          2.26,"265,011","261,399",          1.01,"528,015","234,194",          2.25,"265,777","262,238",          1.01,"529,217","234,905",          2.25,"266,327","262,890",          1.01
4150000000,경기도 이천시 ,"222,161","106,273",          2.09,"115,969","106,192",          1.09,"222,186","106,515",          2.09,"115,987","106,199",          1.09,"222,519","106,951",          2.08,"116,184","106,335",          1.09,"222,799","107,281",          2.08,"116,383","106,416",          1.09
4155000000,경기도 안성시 ,"195,959","96,563",          2.03,"101,232","94,727",          1.07,"196,162","96,811",          2.03,"101,344","94,818",          1.07,"196,556","97,195",          2.02,"101,600","94,956",          1.07,"197,389","97,741",          2.02,"102,004","95,385",          1.07
4157000000,경기도 김포시 ,"482,634","206,022",          2.34,"240,732","241,902",          1.00,"482,553","206,215",          2.34,"240,673","241,880",          1.00,"482,268","206,447",          2.34,"240,550","241,718",          1.00,"482,150","206,598",          2.33,"240,444","241,706",          0.99
4159000000,경기도 화성시 ,"988,605","427,112",          2.31,"512,159","476,446",          1.07,"990,496","428,466",          2.31,"513,158","477,338",          1.08,"992,805","429,834",          2.31,"514,348","478,457",          1.08,"994,124","430,558",          2.31,"514,984","479,140",          1.07
4159100000,경기도 화성시 만세구 ,,,,,,,"234,192","115,880",          2.02,"127,581","106,611",          1.20,"234,048","115,921",          2.02,"127,543","106,505",          1.20,"234,030","115,989",          2.02,"127,541","106,489",          1.20
4159200000,경기도 화성시동부출장소 ,0,0,          0.00,0,0,          0.00,,,,,,,,,,,,,,,,,,
4159300000,경기도 화성시 효행구 ,,,,,,,"159,033","70,845",          2.24,"82,058","76,975",          1.07,"159,043","70,968",          2.24,"82,063","76,980",          1.07,"159,034","70,982",          2.24,"82,025","77,009",          1.07
4159400000,경기도 화성시동탄출장소 ,0,0,          0.00,0,0,          0.00,,,,,,,,,,,,,,,,,,
4159500000,경기도 화성시 병점구 ,,,,,,,"172,697","74,269",          2.33,"89,296","83,401",          1.07,"173,650","74,798",          2.32,"89,821","83,829",          1.07,"174,120","75,046",          2.32,"90,057","84,063",          1.07
4159700000,경기도 화성시 동탄구 ,,,,,,,"424,574","167,472",          2.54,"214,223","210,351",          1.02,"426,064","168,147",          2.53,"214,921","211,143",          1.02,"426,940","168,541",          2.53,"215,361","211,579",          1.02
4161000000,경기도 광주시 ,"395,679","174,736",          2.26,"201,372","194,307",          1.04,"395,503","174,804",          2.26,"201,247","194,256",          1.04,"395,517","174,942",          2.26,"201,211","194,306",          1.04,"395,764","175,196",          2.26,"201,306","194,458",          1.04
4163000000,경기도 양주시 ,"295,325","131,794",          2.24,"148,412","146,913",          1.01,"295,621","131,947",          2.24,"148,547","147,074",          1.01,"295,709","132,121",          2.24,"148,568","147,141",          1.01,"295,788","132,274",          2.24,"148,565","147,223",          1.01
4165000000,경기도 포천시 ,"139,886","73,339",          1.91,"73,954","65,932",          1.12,"139,783","73,394",          1.90,"73,914","65,869",          1.12,"139,859","73,588",          1.90,"73,996","65,863",          1.12,"139,864","73,663",          1.90,"74,004","65,860",          1.12
4167000000,경기도 여주시 ,"113,528","56,568",          2.01,"57,825","55,703",          1.04,"113,384","56,604",          2.00,"57,772","55,612",          1.04,"113,267","56,687",          2.00,"57,726","55,541",          1.04,"113,253","56,777",          1.99,"57,727","55,526",          1.04
4180000000,경기도 연천군 ,"42,280","22,381",          1.89,"22,147","20,133",          1.10,"42,383","22,433",          1.89,"22,190","20,193",          1.10,"42,491","22,541",          1.89,"22,268","20,223",          1.10,"42,620","22,600",          1.89,"22,326","20,294",          1.10
4182000000,경기도 가평군 ,"61,754","32,913",          1.88,"31,768","29,986",          1.06,"61,752","32,931",          1.88,"31,750","30,002",          1.06,"61,690","32,959",          1.87,"31,708","29,982",          1.06,"61,734","33,014",          1.87,"31,730","30,004",          1.06
4183000000,경기도 양평군 ,"126,367","63,300",          2.00,"63,480","62,887",          1.01,"126,208","63,349",          1.99,"63,374","62,834",          1.01,"126,130","63,402",          1.99,"63,341","62,789",          1.01,"126,178","63,505",          1.99,"63,380","62,798",          1.01
5100000000,강원특별자치도  ,"1,502,552","764,879",          1.96,"755,236","747,316",          1.01,"1,501,635","765,580",          1.96,"754,805","746,830",          1.01,"1,501,806","767,769",          1.96,"755,120","746,686",          1.01,"1,502,207","769,052",          1.95,"755,380","746,827",          1.01
5111000000,강원특별자치도 춘천시 ,"283,811","137,399",          2.07,"139,771","144,040",          0.97,"283,775","137,618",          2.06,"139,728","144,047",          0.97,"283,845","138,080",          2.06,"139,811","144,034",          0.97,"283,900","138,288",          2.05,"139,830","144,070",          0.97
5113000000,강원특별자치도 원주시 ,"362,155","175,213",          2.07,"179,248","182,907",          0.98,"362,329","175,599",          2.06,"179,325","183,004",          0.98,"362,561","176,190",          2.06,"179,420","183,141",          0.98,"362,964","176,661",          2.05,"179,617","183,347",          0.98
5115000000,강원특별자치도 강릉시 ,"205,309","104,468",          1.97,"101,611","103,698",          0.98,"205,236","104,668",          1.96,"101,592","103,644",          0.98,"205,236","104,977",          1.96,"101,662","103,574",          0.98,"205,198","105,117",          1.95,"101,665","103,533",          0.98
5117000000,강원특별자치도 동해시 ,"85,948","43,236",          1.99,"43,627","42,321",          1.03,"85,787","43,244",          1.98,"43,531","42,256",          1.03,"85,598","43,262",          1.98,"43,401","42,197",          1.03,"85,487","43,256",          1.98,"43,317","42,170",          1.03
5119000000,강원특별자치도 태백시 ,"36,875","19,947",          1.85,"18,599","18,276",          1.02,"36,788","19,932",          1.85,"18,564","18,224",          1.02,"36,766","19,983",          1.84,"18,590","18,176",          1.02,"36,759","20,009",          1.84,"18,599","18,160",          1.02
5121000000,강원특별자치도 속초시 ,"79,229","40,864",          1.94,"39,176","40,053",          0.98,"78,899","40,818",          1.93,"39,006","39,893",          0.98,"78,633","40,802",          1.93,"38,885","39,748",          0.98,"78,497","40,795",          1.92,"38,807","39,690",          0.98
5123000000,강원특별자치도 삼척시 ,"60,138","32,961",          1.82,"30,680","29,458",          1.04,"59,968","32,867",          1.82,"30,610","29,358",          1.04,"60,287","33,309",          1.81,"30,822","29,465",          1.05,"60,299","33,350",          1.81,"30,855","29,444",          1.05
5172000000,강원특별자치도 홍천군 ,"65,810","34,834",          1.89,"33,869","31,941",          1.06,"65,740","34,811",          1.89,"33,844","31,896",          1.06,"65,764","34,858",          1.89,"33,856","31,908",          1.06,"65,738","34,884",          1.88,"33,858","31,880",          1.06
5173000000,강원특별자치도 횡성군 ,"45,436","23,973",          1.90,"23,446","21,990",          1.07,"45,430","23,988",          1.89,"23,472","21,958",          1.07,"45,424","24,038",          1.89,"23,509","21,915",          1.07,"45,476","24,110",          1.89,"23,547","21,929",          1.07
5175000000,강원특별자치도 영월군 ,"35,858","20,754",          1.73,"18,601","17,257",          1.08,"35,777","20,705",          1.73,"18,565","17,212",          1.08,"35,728","20,745",          1.72,"18,548","17,180",          1.08,"35,698","20,723",          1.72,"18,535","17,163",          1.08
5176000000,강원특별자치도 평창군 ,"39,802","21,989",          1.81,"20,650","19,152",          1.08,"39,819","22,020",          1.81,"20,650","19,169",          1.08,"39,725","22,016",          1.80,"20,595","19,130",          1.08,"39,771","22,074",          1.80,"20,615","19,156",          1.08
5177000000,강원특별자치도 정선군 ,"34,877","20,018",          1.74,"18,299","16,578",          1.10,"34,900","20,073",          1.74,"18,315","16,585",          1.10,"34,953","20,151",          1.73,"18,349","16,604",          1.11,"34,978","20,193",          1.73,"18,374","16,604",          1.11
5178000000,강원특별자치도 철원군 ,"39,865","20,207",          1.97,"20,557","19,308",          1.06,"39,728","20,170",          1.97,"20,505","19,223",          1.07,"39,712","20,185",          1.97,"20,510","19,202",          1.07,"39,690","20,190",          1.97,"20,485","19,205",          1.07
5179000000,강원특별자치도 화천군 ,"22,279","11,924",          1.87,"11,938","10,341",          1.15,"22,226","11,900",          1.87,"11,907","10,319",          1.15,"22,234","11,895",          1.87,"11,915","10,319",          1.15,"22,277","11,953",          1.86,"11,944","10,333",          1.16
5180000000,강원특별자치도 양구군 ,"20,340","10,362",          1.96,"10,681","9,659",          1.11,"20,349","10,338",          1.97,"10,664","9,685",          1.10,"20,334","10,355",          1.96,"10,674","9,660",          1.10,"20,315","10,373",          1.96,"10,671","9,644",          1.11
5181000000,강원특별자치도 인제군 ,"30,751","16,543",          1.86,"16,835","13,916",          1.21,"30,680","16,526",          1.86,"16,813","13,867",          1.21,"30,695","16,542",          1.86,"16,812","13,883",          1.21,"30,708","16,584",          1.85,"16,810","13,898",          1.21
5182000000,강원특별자치도 고성군 ,"26,779","15,278",          1.75,"13,694","13,085",          1.05,"26,873","15,338",          1.75,"13,755","13,118",          1.05,"27,006","15,406",          1.75,"13,818","13,188",          1.05,"27,104","15,460",          1.75,"13,875","13,229",          1.05
5183000000,강원특별자치도 양양군 ,"27,290","14,909",          1.83,"13,954","13,336",          1.05,"27,331","14,965",          1.83,"13,959","13,372",          1.04,"27,305","14,975",          1.82,"13,943","13,362",          1.04,"27,348","15,032",          1.82,"13,976","13,372",          1.05
4300000000,충청북도  ,"1,592,391","794,712",          2.00,"811,181","781,210",          1.04,"1,592,472","796,214",          2.00,"811,250","781,222",          1.04,"1,593,644","799,227",          1.99,"812,038","781,606",          1.04,"1,595,059","800,900",          1.99,"812,842","782,217",          1.04
4311000000,충청북도 청주시 ,"854,258","407,681",          2.10,"432,000","422,258",          1.02,"855,060","409,022",          2.09,"432,400","422,660",          1.02,"855,592","410,352",          2.09,"432,645","422,947",          1.02,"856,316","411,133",          2.08,"432,935","423,381",          1.02
4311100000,충청북도 청주시 상당구 ,"193,991","88,872",          2.18,"96,266","97,725",          0.99,"193,757","89,065",          2.18,"96,133","97,624",          0.98,"193,356","89,128",          2.17,"95,938","97,418",          0.98,"193,248","89,172",          2.17,"95,854","97,394",          0.98
4311200000,충청북도 청주시 서원구 ,"182,451","89,153",          2.05,"90,958","91,493",          0.99,"184,309","90,164",          2.04,"91,908","92,401",          0.99,"185,383","90,919",          2.04,"92,417","92,966",          0.99,"185,802","91,250",          2.04,"92,595","93,207",          0.99
4311300000,충청북도 청주시 흥덕구 ,"291,415","139,339",          2.09,"148,671","142,744",          1.04,"290,989","139,389",          2.09,"148,452","142,537",          1.04,"290,957","139,680",          2.08,"148,414","142,543",          1.04,"291,330","140,016",          2.08,"148,608","142,722",          1.04
4311400000,충청북도 청주시 청원구 ,"186,401","90,317",          2.06,"96,105","90,296",          1.06,"186,005","90,404",          2.06,"95,907","90,098",          1.06,"185,896","90,625",          2.05,"95,876","90,020",          1.07,"185,936","90,695",          2.05,"95,878","90,058",          1.06
4313000000,충청북도 충주시 ,"205,660","103,873",          1.98,"104,264","101,396",          1.03,"205,570","104,002",          1.98,"104,172","101,398",          1.03,"205,478","104,302",          1.97,"104,168","101,310",          1.03,"205,461","104,465",          1.97,"104,221","101,240",          1.03
4315000000,충청북도 제천시 ,"127,502","66,034",          1.93,"64,295","63,207",          1.02,"127,340","65,950",          1.93,"64,255","63,085",          1.02,"127,968","66,749",          1.92,"64,582","63,386",          1.02,"128,081","66,923",          1.91,"64,638","63,443",          1.02
4372000000,충청북도 보은군 ,"30,538","16,893",          1.81,"15,547","14,991",          1.04,"30,538","16,931",          1.80,"15,549","14,989",          1.04,"30,600","16,981",          1.80,"15,575","15,025",          1.04,"30,642","17,022",          1.80,"15,593","15,049",          1.04
4373000000,충청북도 옥천군 ,"49,885","26,231",          1.90,"25,285","24,600",          1.03,"50,001","26,263",          1.90,"25,354","24,647",          1.03,"50,141","26,361",          1.90,"25,463","24,678",          1.03,"50,274","26,422",          1.90,"25,544","24,730",          1.03
4374000000,충청북도 영동군 ,"43,031","23,623",          1.82,"21,714","21,317",          1.02,"42,938","23,621",          1.82,"21,671","21,267",          1.02,"42,873","23,668",          1.81,"21,654","21,219",          1.02,"42,934","23,721",          1.81,"21,693","21,241",          1.02
4374500000,충청북도 증평군 ,"36,552","18,875",          1.94,"19,043","17,509",          1.09,"36,520","18,906",          1.93,"19,023","17,497",          1.09,"36,484","18,914",          1.93,"18,995","17,489",          1.09,"36,592","19,020",          1.92,"19,082","17,510",          1.09
4375000000,충청북도 진천군 ,"85,765","43,067",          1.99,"45,319","40,446",          1.12,"85,485","43,013",          1.99,"45,175","40,310",          1.12,"85,388","43,082",          1.98,"45,146","40,242",          1.12,"85,429","43,159",          1.98,"45,221","40,208",          1.12
4376000000,충청북도 괴산군 ,"38,084","22,049",          1.73,"19,661","18,423",          1.07,"37,692","21,987",          1.71,"19,473","18,219",          1.07,"37,449","21,952",          1.71,"19,385","18,064",          1.07,"37,390","21,956",          1.70,"19,366","18,024",          1.07
4377000000,충청북도 음성군 ,"94,386","51,215",          1.84,"50,392","43,994",          1.15,"94,674","51,363",          1.84,"50,550","44,124",          1.15,"95,083","51,705",          1.84,"50,806","44,277",          1.15,"95,341","51,910",          1.84,"50,929","44,412",          1.15
4380000000,충청북도 단양군 ,"26,730","15,171",          1.76,"13,661","13,069",          1.05,"26,654","15,156",          1.76,"13,628","13,026",          1.05,"26,588","15,161",          1.75,"13,619","12,969",          1.05,"26,599","15,169",          1.75,"13,620","12,979",          1.05
4400000000,충청남도  ,"2,129,806","1,057,370",          2.01,"1,093,022","1,036,784",          1.05,"2,129,710","1,059,151",          2.01,"1,093,312","1,036,398",          1.05,"2,130,509","1,062,085",          2.01,"1,093,592","1,036,917",          1.05,"2,131,416","1,063,773",          2.00,"1,094,236","1,037,180",          1.06
4413000000,충청남도 천안시 ,"661,862","315,983",          2.09,"339,158","322,704",          1.05,"662,356","317,029",          2.09,"339,475","322,881",          1.05,"662,695","318,055",          2.08,"339,608","323,087",          1.05,"663,022","318,679",          2.08,"339,890","323,132",          1.05
4413100000,충청남도 천안시 동남구 ,"261,351","126,685",          2.06,"132,318","129,033",          1.03,"261,732","127,289",          2.06,"132,599","129,133",          1.03,"262,231","127,914",          2.05,"132,798","129,433",          1.03,"262,403","128,153",          2.05,"132,899","129,504",          1.03
4413300000,충청남도 천안시 서북구 ,"400,511","189,298",          2.12,"206,840","193,671",          1.07,"400,624","189,740",          2.11,"206,876","193,748",          1.07,"400,464","190,141",          2.11,"206,810","193,654",          1.07,"400,619","190,526",          2.10,"206,991","193,628",          1.07
4415000000,충청남도 공주시 ,"99,468","53,261",          1.87,"49,601","49,867",          0.99,"99,290","53,252",          1.86,"49,556","49,734",          1.00,"99,583","53,704",          1.85,"49,647","49,936",          0.99,"99,626","53,840",          1.85,"49,672","49,954",          0.99
4418000000,충청남도 보령시 ,"91,650","48,638",          1.88,"46,418","45,232",          1.03,"91,388","48,603",          1.88,"46,294","45,094",          1.03,"91,202","48,598",          1.88,"46,193","45,009",          1.03,"91,135","48,622",          1.87,"46,166","44,969",          1.03
4420000000,충청남도 아산시 ,"358,955","167,721",          2.14,"187,056","171,899",          1.09,"359,810","168,322",          2.14,"187,538","172,272",          1.09,"360,552","168,985",          2.13,"187,900","172,652",          1.09,"361,388","169,622",          2.13,"188,349","173,039",          1.09
4421000000,충청남도 서산시 ,"171,879","83,793",          2.05,"90,032","81,847",          1.10,"171,478","83,779",          2.05,"89,860","81,618",          1.10,"171,145","83,861",          2.04,"89,645","81,500",          1.10,"170,988","83,843",          2.04,"89,535","81,453",          1.10
4423000000,충청남도 논산시 ,"106,314","56,700",          1.88,"53,299","53,015",          1.01,"106,223","56,682",          1.87,"53,292","52,931",          1.01,"106,002","56,694",          1.87,"53,193","52,809",          1.01,"105,907","56,693",          1.87,"53,186","52,721",          1.01
4425000000,충청남도 계룡시 ,"45,784","19,492",          2.35,"22,780","23,004",          0.99,"45,891","19,519",          2.35,"22,829","23,062",          0.99,"45,860","19,561",          2.34,"22,796","23,064",          0.99,"45,859","19,565",          2.34,"22,791","23,068",          0.99
4427000000,충청남도 당진시 ,"171,970","85,739",          2.01,"92,397","79,573",          1.16,"171,805","85,858",          2.00,"92,336","79,469",          1.16,"171,807","86,005",          2.00,"92,351","79,456",          1.16,"171,850","86,124",          2.00,"92,390","79,460",          1.16
4471000000,충청남도 금산군 ,"48,657","26,502",          1.84,"24,754","23,903",          1.04,"48,596","26,520",          1.83,"24,757","23,839",          1.04,"48,711","26,595",          1.83,"24,814","23,897",          1.04,"48,826","26,658",          1.83,"24,878","23,948",          1.04
4476000000,충청남도 부여군 ,"58,102","31,952",          1.82,"28,960","29,142",          0.99,"57,916","31,935",          1.81,"28,866","29,050",          0.99,"57,867","31,948",          1.81,"28,846","29,021",          0.99,"57,789","31,918",          1.81,"28,807","28,982",          0.99
4477000000,충청남도 서천군 ,"47,023","26,036",          1.81,"23,383","23,640",          0.99,"46,926","26,026",          1.80,"23,358","23,568",          0.99,"46,834","26,028",          1.80,"23,307","23,527",          0.99,"46,749","26,006",          1.80,"23,269","23,480",          0.99
4479000000,충청남도 청양군 ,"29,889","16,804",          1.78,"15,335","14,554",          1.05,"29,848","16,772",          1.78,"15,326","14,522",          1.06,"30,004","16,952",          1.77,"15,422","14,582",          1.06,"30,015","16,966",          1.77,"15,429","14,586",          1.06
4480000000,충청남도 홍성군 ,"100,598","50,480",          1.99,"50,423","50,175",          1.00,"100,803","50,650",          1.99,"50,511","50,292",          1.00,"100,904","50,796",          1.99,"50,555","50,349",          1.00,"101,100","50,942",          1.98,"50,662","50,438",          1.00
4481000000,충청남도 예산군 ,"78,486","41,031",          1.91,"39,468","39,018",          1.01,"78,413","41,029",          1.91,"39,440","38,973",          1.01,"78,369","41,076",          1.91,"39,423","38,946",          1.01,"78,232","41,063",          1.91,"39,338","38,894",          1.01
4482500000,충청남도 태안군 ,"59,169","33,238",          1.78,"29,958","29,211",          1.03,"58,967","33,175",          1.78,"29,874","29,093",          1.03,"58,974","33,227",          1.77,"29,892","29,082",          1.03,"58,930","33,232",          1.77,"29,874","29,056",          1.03
5200000000,전북특별자치도  ,"1,718,536","864,440",          1.99,"855,737","862,799",          0.99,"1,717,009","865,714",          1.98,"855,217","861,792",          0.99,"1,715,911","867,510",          1.98,"854,825","861,086",          0.99,"1,715,345","868,390",          1.98,"854,647","860,698",          0.99
5211000000,전북특별자치도 전주시 ,"622,520","294,915",          2.11,"305,113","317,407",          0.96,"621,725","295,425",          2.10,"304,789","316,936",          0.96,"621,222","296,099",          2.10,"304,590","316,632",          0.96,"620,566","296,252",          2.09,"304,248","316,318",          0.96
5211100000,전북특별자치도 전주시 완산구 ,"314,810","151,754",          2.07,"152,353","162,457",          0.94,"314,236","151,935",          2.07,"152,110","162,126",          0.94,"313,761","152,142",          2.06,"151,907","161,854",          0.94,"313,438","152,237",          2.06,"151,746","161,692",          0.94
5211300000,전북특별자치도 전주시 덕진구 ,"307,710","143,161",          2.15,"152,760","154,950",          0.99,"307,489","143,490",          2.14,"152,679","154,810",          0.99,"307,461","143,957",          2.14,"152,683","154,778",          0.99,"307,128","144,015",          2.13,"152,502","154,626",          0.99
5213000000,전북특별자치도 군산시 ,"255,310","125,447",          2.04,"129,483","125,827",          1.03,"255,071","125,655",          2.03,"129,403","125,668",          1.03,"254,754","125,792",          2.03,"129,236","125,518",          1.03,"254,808","126,032",          2.02,"129,285","125,523",          1.03
5214000000,전북특별자치도 익산시 ,"265,894","131,875",          2.02,"132,151","133,743",          0.99,"265,733","132,150",          2.01,"132,077","133,656",          0.99,"265,909","132,745",          2.00,"132,204","133,705",          0.99,"265,887","133,006",          2.00,"132,195","133,692",          0.99
5218000000,전북특별자치도 정읍시 ,"100,884","54,270",          1.86,"50,408","50,476",          1.00,"100,739","54,328",          1.85,"50,376","50,363",          1.00,"100,554","54,360",          1.85,"50,296","50,258",          1.00,"100,479","54,389",          1.85,"50,244","50,235",          1.00
5219000000,전북특별자치도 남원시 ,"74,201","39,696",          1.87,"36,431","37,770",          0.96,"74,081","39,703",          1.87,"36,387","37,694",          0.97,"73,910","39,736",          1.86,"36,332","37,578",          0.97,"73,901","39,752",          1.86,"36,345","37,556",          0.97
5221000000,전북특별자치도 김제시 ,"81,644","44,433",          1.84,"40,921","40,723",          1.00,"81,562","44,449",          1.83,"40,883","40,679",          1.01,"81,532","44,524",          1.83,"40,853","40,679",          1.00,"81,572","44,582",          1.83,"40,909","40,663",          1.01
5271000000,전북특별자치도 완주군 ,"100,146","50,079",          2.00,"51,454","48,692",          1.06,"100,133","50,132",          2.00,"51,477","48,656",          1.06,"99,899","50,152",          1.99,"51,326","48,573",          1.06,"99,876","50,166",          1.99,"51,333","48,543",          1.06
5272000000,전북특별자치도 진안군 ,"24,233","13,798",          1.76,"12,409","11,824",          1.05,"24,238","13,819",          1.75,"12,415","11,823",          1.05,"24,268","13,845",          1.75,"12,413","11,855",          1.05,"24,321","13,888",          1.75,"12,445","11,876",          1.05
5273000000,전북특별자치도 무주군 ,"22,744","12,993",          1.75,"11,433","11,311",          1.01,"22,838","13,033",          1.75,"11,473","11,365",          1.01,"23,030","13,164",          1.75,"11,592","11,438",          1.01,"23,121","13,230",          1.75,"11,638","11,483",          1.01
5274000000,전북특별자치도 장수군 ,"20,982","11,743",          1.79,"10,564","10,418",          1.01,"21,018","11,767",          1.79,"10,587","10,431",          1.01,"21,056","11,806",          1.78,"10,622","10,434",          1.02,"21,083","11,836",          1.78,"10,639","10,444",          1.02
5275000000,전북특별자치도 임실군 ,"25,258","14,784",          1.71,"13,087","12,171",          1.08,"25,269","14,797",          1.71,"13,098","12,171",          1.08,"25,259","14,803",          1.71,"13,089","12,170",          1.08,"25,291","14,810",          1.71,"13,108","12,183",          1.08
5277000000,전북특별자치도 순창군 ,"27,603","14,950",          1.85,"13,636","13,967",          0.98,"27,625","14,980",          1.84,"13,666","13,959",          0.98,"27,569","14,975",          1.84,"13,655","13,914",          0.98,"27,550","14,972",          1.84,"13,664","13,886",          0.98
5279000000,전북특별자치도 고창군 ,"50,091","28,292",          1.77,"25,091","25,000",          1.00,"50,046","28,319",          1.77,"25,077","24,969",          1.00,"50,076","28,321",          1.77,"25,128","24,948",          1.01,"50,017","28,279",          1.77,"25,106","24,911",          1.01
5280000000,전북특별자치도 부안군 ,"47,026","27,165",          1.73,"23,556","23,470",          1.00,"46,931","27,157",          1.73,"23,509","23,422",          1.00,"46,873","27,188",          1.72,"23,489","23,384",          1.00,"46,873","27,196",          1.72,"23,488","23,385",          1.00
4600000000,전라남도  ,"1,774,177","910,079",          1.95,"895,794","878,383",          1.02,"1,772,581","910,389",          1.95,"895,192","877,389",          1.02,"1,771,180","910,993",          1.94,"894,783","876,397",          1.02,"1,771,083","911,726",          1.94,"894,742","876,341",          1.02
4611000000,전라남도 목포시 ,"200,946","101,985",          1.97,"99,846","101,100",          0.99,"200,425","101,960",          1.97,"99,582","100,843",          0.99,"199,837","101,913",          1.96,"99,302","100,535",          0.99,"199,516","101,950",          1.96,"99,109","100,407",          0.99
4613000000,전라남도 여수시 ,"262,166","126,810",          2.07,"133,190","128,976",          1.03,"261,559","126,737",          2.06,"132,847","128,712",          1.03,"261,002","126,734",          2.06,"132,562","128,440",          1.03,"260,570","126,690",          2.06,"132,332","128,238",          1.03
4615000000,전라남도 순천시 ,"274,501","127,196",          2.16,"136,982","137,519",          1.00,"274,259","127,340",          2.15,"136,850","137,409",          1.00,"274,024","127,562",          2.15,"136,767","137,257",          1.00,"274,408","127,780",          2.15,"136,916","137,492",          1.00
4617000000,전라남도 나주시 ,"116,773","59,947",          1.95,"59,075","57,698",          1.02,"116,685","59,934",          1.95,"59,053","57,632",          1.02,"116,580","59,962",          1.94,"59,016","57,564",          1.03,"116,564","59,974",          1.94,"59,015","57,549",          1.03
4623000000,전라남도 광양시 ,"155,202","73,281",          2.12,"81,394","73,808",          1.10,"155,377","73,423",          2.12,"81,504","73,873",          1.10,"155,409","73,490",          2.11,"81,540","73,869",          1.10,"155,509","73,600",          2.11,"81,597","73,912",          1.10
4671000000,전라남도 담양군 ,"44,023","23,819",          1.85,"22,231","21,792",          1.02,"43,995","23,794",          1.85,"22,238","21,757",          1.02,"43,987","23,781",          1.85,"22,261","21,726",          1.02,"44,042","23,800",          1.85,"22,253","21,789",          1.02
4672000000,전라남도 곡성군 ,"27,372","15,852",          1.73,"13,611","13,761",          0.99,"27,446","15,899",          1.73,"13,667","13,779",          0.99,"27,531","15,976",          1.72,"13,722","13,809",          0.99,"27,594","16,028",          1.72,"13,755","13,839",          0.99
4673000000,전라남도 구례군 ,"23,811","13,393",          1.78,"11,645","12,166",          0.96,"23,850","13,428",          1.78,"11,661","12,189",          0.96,"23,887","13,465",          1.77,"11,683","12,204",          0.96,"23,901","13,500",          1.77,"11,689","12,212",          0.96
4677000000,전라남도 고흥군 ,"59,238","34,962",          1.69,"29,333","29,905",          0.98,"59,159","34,954",          1.69,"29,302","29,857",          0.98,"59,040","34,950",          1.69,"29,274","29,766",          0.98,"58,977","34,952",          1.69,"29,275","29,702",          0.99
4678000000,전라남도 보성군 ,"36,880","21,706",          1.70,"18,127","18,753",          0.97,"36,748","21,671",          1.70,"18,076","18,672",          0.97,"36,658","21,668",          1.69,"18,027","18,631",          0.97,"36,616","21,636",          1.69,"18,005","18,611",          0.97
4679000000,전라남도 화순군 ,"60,039","31,485",          1.91,"29,763","30,276",          0.98,"59,996","31,508",          1.90,"29,735","30,261",          0.98,"59,962","31,522",          1.90,"29,725","30,237",          0.98,"59,911","31,520",          1.90,"29,681","30,230",          0.98
4680000000,전라남도 장흥군 ,"34,052","19,608",          1.74,"16,779","17,273",          0.97,"34,013","19,604",          1.74,"16,772","17,241",          0.97,"33,987","19,591",          1.73,"16,770","17,217",          0.97,"33,962","19,595",          1.73,"16,756","17,206",          0.97
4681000000,전라남도 강진군 ,"31,764","18,089",          1.76,"15,594","16,170",          0.96,"31,719","18,073",          1.76,"15,577","16,142",          0.96,"31,736","18,110",          1.75,"15,584","16,152",          0.96,"31,747","18,122",          1.75,"15,600","16,147",          0.97
4682000000,전라남도 해남군 ,"62,053","34,293",          1.81,"31,198","30,855",          1.01,"62,027","34,328",          1.81,"31,190","30,837",          1.01,"61,995","34,386",          1.80,"31,186","30,809",          1.01,"62,013","34,430",          1.80,"31,214","30,799",          1.01
4683000000,전라남도 영암군 ,"49,920","28,262",          1.77,"26,240","23,680",          1.11,"49,929","28,260",          1.77,"26,279","23,650",          1.11,"49,909","28,293",          1.76,"26,297","23,612",          1.11,"49,935","28,328",          1.76,"26,306","23,629",          1.11
4684000000,전라남도 무안군 ,"95,543","46,305",          2.06,"48,063","47,480",          1.01,"95,530","46,355",          2.06,"48,043","47,487",          1.01,"95,567","46,457",          2.06,"48,088","47,479",          1.01,"95,648","46,541",          2.06,"48,137","47,511",          1.01
4686000000,전라남도 함평군 ,"29,325","17,492",          1.68,"14,983","14,342",          1.04,"29,255","17,473",          1.67,"14,955","14,300",          1.05,"29,250","17,466",          1.67,"14,957","14,293",          1.05,"29,319","17,563",          1.67,"14,996","14,323",          1.05
4687000000,전라남도 영광군 ,"53,618","28,564",          1.88,"26,861","26,757",          1.00,"53,711","28,578",          1.88,"26,919","26,792",          1.00,"53,862","28,619",          1.88,"27,007","26,855",          1.01,"53,872","28,638",          1.88,"26,997","26,875",          1.00
4688000000,전라남도 장성군 ,"42,894","23,466",          1.83,"21,990","20,904",          1.05,"42,921","23,479",          1.83,"22,030","20,891",          1.05,"42,903","23,481",          1.83,"22,034","20,869",          1.06,"42,909","23,496",          1.83,"22,045","20,864",          1.06
4689000000,전라남도 완도군 ,"44,435","24,979",          1.78,"22,541","21,894",          1.03,"44,319","24,952",          1.78,"22,502","21,817",          1.03,"44,240","24,927",          1.77,"22,481","21,759",          1.03,"44,178","24,896",          1.77,"22,461","21,717",          1.03
4690000000,전라남도 진도군 ,"27,854","16,268",          1.71,"13,974","13,880",          1.01,"27,851","16,271",          1.71,"13,994","13,857",          1.01,"27,851","16,290",          1.71,"14,004","13,847",          1.01,"27,850","16,303",          1.71,"14,027","13,823",          1.01
4691000000,전라남도 신안군 ,"41,768","22,317",          1.87,"22,374","19,394",          1.15,"41,807","22,368",          1.87,"22,416","19,391",          1.16,"41,963","22,350",          1.88,"22,496","19,467",          1.16,"42,042","22,384",          1.88,"22,576","19,466",          1.16
4700000000,경상북도  ,"2,496,968","1,289,777",          1.94,"1,262,901","1,234,067",          1.02,"2,493,977","1,290,652",          1.93,"1,261,556","1,232,421",          1.02,"2,492,899","1,294,092",          1.93,"1,261,662","1,231,237",          1.02,"2,491,969","1,295,909",          1.92,"1,261,277","1,230,692",          1.02
4711000000,경상북도 포항시 ,"487,444","237,854",          2.05,"246,996","240,448",          1.03,"487,209","238,239",          2.05,"246,859","240,350",          1.03,"486,573","238,446",          2.04,"246,509","240,064",          1.03,"486,196","238,602",          2.04,"246,236","239,960",          1.03
4711100000,경상북도 포항시 남구 ,"214,282","108,106",          1.98,"111,089","103,193",          1.08,"213,912","108,173",          1.98,"110,903","103,009",          1.08,"213,391","108,183",          1.97,"110,662","102,729",          1.08,"213,009","108,183",          1.97,"110,413","102,596",          1.08
4711300000,경상북도 포항시 북구 ,"273,162","129,748",          2.11,"135,907","137,255",          0.99,"273,297","130,066",          2.10,"135,956","137,341",          0.99,"273,182","130,263",          2.10,"135,847","137,335",          0.99,"273,187","130,419",          2.09,"135,823","137,364",          0.99
4713000000,경상북도 경주시 ,"242,990","125,823",          1.93,"121,569","121,421",          1.00,"242,686","125,909",          1.93,"121,467","121,219",          1.00,"242,510","126,150",          1.92,"121,408","121,102",          1.00,"242,421","126,264",          1.92,"121,355","121,066",          1.00
4715000000,경상북도 김천시 ,"133,140","68,682",          1.94,"67,002","66,138",          1.01,"132,778","68,553",          1.94,"66,812","65,966",          1.01,"132,848","68,897",          1.93,"66,978","65,870",          1.02,"132,758","68,948",          1.93,"66,924","65,834",          1.02
4717000000,경상북도 안동시 ,"151,860","80,478",          1.89,"75,159","76,701",          0.98,"151,460","80,330",          1.89,"74,936","76,524",          0.98,"151,808","80,931",          1.88,"75,214","76,594",          0.98,"152,190","81,412",          1.87,"75,470","76,720",          0.98
4719000000,경상북도 구미시 ,"402,503","192,181",          2.09,"207,790","194,713",          1.07,"402,103","192,520",          2.09,"207,598","194,505",          1.07,"402,112","193,338",          2.08,"207,774","194,338",          1.07,"401,993","193,715",          2.08,"207,729","194,264",          1.07
4721000000,경상북도 영주시 ,"96,823","51,145",          1.89,"48,134","48,689",          0.99,"96,593","51,078",          1.89,"48,017","48,576",          0.99,"96,478","51,168",          1.89,"48,006","48,472",          0.99,"96,358","51,226",          1.88,"47,951","48,407",          0.99
4723000000,경상북도 영천시 ,"94,754","53,655",          1.77,"48,450","46,304",          1.05,"94,568","53,675",          1.76,"48,352","46,216",          1.05,"94,446","53,721",          1.76,"48,307","46,139",          1.05,"94,296","53,672",          1.76,"48,206","46,090",          1.05
4725000000,경상북도 상주시 ,"89,627","48,610",          1.84,"44,223","45,404",          0.97,"89,432","48,613",          1.84,"44,131","45,301",          0.97,"89,407","48,724",          1.83,"44,201","45,206",          0.98,"89,296","48,747",          1.83,"44,136","45,160",          0.98
4728000000,경상북도 문경시 ,"64,967","35,848",          1.81,"31,976","32,991",          0.97,"64,767","35,798",          1.81,"31,867","32,900",          0.97,"64,681","35,880",          1.80,"31,812","32,869",          0.97,"64,650","35,909",          1.80,"31,794","32,856",          0.97
4729000000,경상북도 경산시 ,"262,566","130,964",          2.00,"131,654","130,912",          1.01,"262,519","131,321",          2.00,"131,624","130,895",          1.01,"262,690","131,915",          1.99,"131,722","130,968",          1.01,"262,740","132,346",          1.99,"131,776","130,964",          1.01
4773000000,경상북도 의성군 ,"47,773","28,962",          1.65,"23,991","23,782",          1.01,"47,763","28,958",          1.65,"24,011","23,752",          1.01,"47,717","28,986",          1.65,"24,003","23,714",          1.01,"47,726","29,019",          1.64,"24,004","23,722",          1.01
4775000000,경상북도 청송군 ,"23,290","13,880",          1.68,"11,763","11,527",          1.02,"23,279","13,876",          1.68,"11,764","11,515",          1.02,"23,249","13,890",          1.67,"11,744","11,505",          1.02,"23,221","13,868",          1.67,"11,709","11,512",          1.02
4776000000,경상북도 영양군 ,"15,980","9,161",          1.74,"8,014","7,966",          1.01,"15,969","9,167",          1.74,"8,023","7,946",          1.01,"15,988","9,189",          1.74,"8,054","7,934",          1.02,"15,973","9,195",          1.74,"8,060","7,913",          1.02
4777000000,경상북도 영덕군 ,"32,553","19,300",          1.69,"15,628","16,925",          0.92,"32,516","19,283",          1.69,"15,609","16,907",          0.92,"32,468","19,305",          1.68,"15,600","16,868",          0.92,"32,462","19,300",          1.68,"15,611","16,851",          0.93
4782000000,경상북도 청도군 ,"40,028","23,485",          1.70,"19,989","20,039",          1.00,"40,033","23,501",          1.70,"20,000","20,033",          1.00,"40,038","23,573",          1.70,"20,034","20,004",          1.00,"40,049","23,613",          1.70,"20,070","19,979",          1.00
4783000000,경상북도 고령군 ,"29,584","17,295",          1.71,"15,300","14,284",          1.07,"29,560","17,303",          1.71,"15,298","14,262",          1.07,"29,543","17,315",          1.71,"15,292","14,251",          1.07,"29,586","17,365",          1.70,"15,315","14,271",          1.07
4784000000,경상북도 성주군 ,"40,545","23,863",          1.70,"21,215","19,330",          1.10,"40,480","23,845",          1.70,"21,189","19,291",          1.10,"40,465","23,897",          1.69,"21,177","19,288",          1.10,"40,452","23,886",          1.69,"21,177","19,275",          1.10
4785000000,경상북도 칠곡군 ,"104,228","53,165",          1.96,"54,857","49,371",          1.11,"103,986","53,191",          1.95,"54,762","49,224",          1.11,"103,637","53,154",          1.95,"54,567","49,070",          1.11,"103,458","53,185",          1.95,"54,485","48,973",          1.11
4790000000,경상북도 예천군 ,"53,770","27,920",          1.93,"26,601","27,169",          0.98,"53,700","27,920",          1.92,"26,595","27,105",          0.98,"53,563","27,872",          1.92,"26,530","27,033",          0.98,"53,425","27,804",          1.92,"26,468","26,957",          0.98
4792000000,경상북도 봉화군 ,"28,114","16,351",          1.72,"14,358","13,756",          1.04,"28,021","16,316",          1.72,"14,332","13,689",          1.05,"28,036","16,359",          1.71,"14,330","13,706",          1.05,"28,023","16,369",          1.71,"14,331","13,692",          1.05
4793000000,경상북도 울진군 ,"45,751","25,719",          1.78,"23,359","22,392",          1.04,"45,860","25,784",          1.78,"23,415","22,445",          1.04,"45,927","25,896",          1.77,"23,495","22,432",          1.05,"45,978","25,961",          1.77,"23,556","22,422",          1.05
4794000000,경상북도 울릉군 ,"8,678","5,436",          1.60,"4,873","3,805",          1.28,"8,695","5,472",          1.59,"4,895","3,800",          1.29,"8,715","5,486",          1.59,"4,905","3,810",          1.29,"8,718","5,503",          1.58,"4,914","3,804",          1.29
4800000000,경상남도  ,"3,196,772","1,541,540",          2.07,"1,611,331","1,585,441",          1.02,"3,192,413","1,543,200",          2.07,"1,609,289","1,583,124",          1.02,"3,189,867","1,546,661",          2.06,"1,608,211","1,581,656",          1.02,"3,189,203","1,548,124",          2.06,"1,607,809","1,581,394",          1.02
4812000000,경상남도 창원시 ,"987,445","459,819",          2.15,"499,288","488,157",          1.02,"985,971","460,187",          2.14,"498,598","487,373",          1.02,"984,791","460,894",          2.14,"498,012","486,779",          1.02,"984,384","461,247",          2.13,"497,745","486,639",          1.02
4812100000,경상남도 창원시 의창구 ,"206,517","97,156",          2.13,"104,917","101,600",          1.03,"206,466","97,340",          2.12,"104,945","101,521",          1.03,"207,369","97,909",          2.12,"105,394","101,975",          1.03,"207,639","98,193",          2.11,"105,538","102,101",          1.03
4812300000,경상남도 창원시 성산구 ,"246,480","109,189",          2.26,"125,671","120,809",          1.04,"246,425","109,367",          2.25,"125,699","120,726",          1.04,"245,581","109,285",          2.25,"125,249","120,332",          1.04,"245,426","109,328",          2.24,"125,163","120,263",          1.04
4812500000,경상남도 창원시 마산합포구 ,"175,063","86,129",          2.03,"86,642","88,421",          0.98,"174,811","86,211",          2.03,"86,512","88,299",          0.98,"174,570","86,374",          2.02,"86,371","88,199",          0.98,"174,431","86,379",          2.02,"86,276","88,155",          0.98
4812700000,경상남도 창원시 마산회원구 ,"175,356","82,322",          2.13,"87,203","88,153",          0.99,"174,896","82,320",          2.12,"86,981","87,915",          0.99,"174,273","82,326",          2.12,"86,688","87,585",          0.99,"174,078","82,330",          2.11,"86,577","87,501",          0.99
4812900000,경상남도 창원시 진해구 ,"184,029","85,023",          2.16,"94,855","89,174",          1.06,"183,373","84,949",          2.16,"94,461","88,912",          1.06,"182,998","85,000",          2.15,"94,310","88,688",          1.06,"182,810","85,017",          2.15,"94,191","88,619",          1.06
4817000000,경상남도 진주시 ,"334,649","161,378",          2.07,"165,272","169,377",          0.98,"334,425","161,796",          2.07,"165,167","169,258",          0.98,"334,640","162,732",          2.06,"165,275","169,365",          0.98,"334,403","162,852",          2.05,"165,134","169,269",          0.98
4822000000,경상남도 통영시 ,"116,136","58,955",          1.97,"58,307","57,829",          1.01,"115,921","59,007",          1.96,"58,210","57,711",          1.01,"115,687","59,010",          1.96,"58,097","57,590",          1.01,"115,550","59,033",          1.96,"58,014","57,536",          1.01
4824000000,경상남도 사천시 ,"107,640","55,853",          1.93,"54,627","53,013",          1.03,"107,577","55,947",          1.92,"54,602","52,975",          1.03,"107,470","56,095",          1.92,"54,559","52,911",          1.03,"107,491","56,187",          1.91,"54,601","52,890",          1.03
4824500000,경상남도 사천남양출장소 ,0,0,          0.00,0,0,          0.00,0,0,          0.00,0,0,          0.00,0,0,          0.00,0,0,          0.00,0,0,          0.00,0,0,          0.00
4825000000,경상남도 김해시 ,"531,853","237,796",          2.24,"268,875","262,978",          1.02,"531,305","238,240",          2.23,"268,611","262,694",          1.02,"531,001","238,808",          2.22,"268,419","262,582",          1.02,"531,292","239,269",          2.22,"268,531","262,761",          1.02
4825200000,경상남도 장유출장소 ,0,0,          0.00,0,0,          0.00,0,0,          0.00,0,0,          0.00,0,0,          0.00,0,0,          0.00,0,0,          0.00,0,0,          0.00
4827000000,경상남도 밀양시 ,"98,735","53,783",          1.84,"49,013","49,722",          0.99,"98,547","53,790",          1.83,"48,910","49,637",          0.99,"98,419","53,935",          1.82,"48,843","49,576",          0.99,"98,379","53,990",          1.82,"48,842","49,537",          0.99
4831000000,경상남도 거제시 ,"229,987","106,226",          2.17,"120,679","109,308",          1.10,"229,243","106,265",          2.16,"120,332","108,911",          1.10,"228,717","106,372",          2.15,"120,075","108,642",          1.11,"228,639","106,481",          2.15,"120,019","108,620",          1.10
4833000000,경상남도 양산시 ,"360,500","165,415",          2.18,"180,446","180,054",          1.00,"360,484","165,696",          2.18,"180,398","180,086",          1.00,"360,382","165,965",          2.17,"180,477","179,905",          1.00,"360,544","166,157",          2.17,"180,535","180,009",          1.00
4833200000,경상남도 양산시웅상출장소 ,0,0,          0.00,0,0,          0.00,0,0,          0.00,0,0,          0.00,0,0,          0.00,0,0,          0.00,0,0,          0.00,0,0,          0.00
4872000000,경상남도 의령군 ,"24,538","14,749",          1.66,"12,293","12,245",          1.00,"24,478","14,734",          1.66,"12,264","12,214",          1.00,"24,451","14,745",          1.66,"12,244","12,207",          1.00,"24,451","14,758",          1.66,"12,255","12,196",          1.00
4873000000,경상남도 함안군 ,"57,392","29,788",          1.93,"29,445","27,947",          1.05,"57,191","29,773",          1.92,"29,372","27,819",          1.06,"57,057","29,778",          1.92,"29,317","27,740",          1.06,"56,973","29,781",          1.91,"29,289","27,684",          1.06
4874000000,경상남도 창녕군 ,"54,814","31,782",          1.72,"27,577","27,237",          1.01,"54,772","31,793",          1.72,"27,573","27,199",          1.01,"54,634","31,788",          1.72,"27,508","27,126",          1.01,"54,535","31,741",          1.72,"27,459","27,076",          1.01
4882000000,경상남도 고성군 ,"46,909","26,240",          1.79,"23,813","23,096",          1.03,"46,791","26,231",          1.78,"23,736","23,055",          1.03,"46,733","26,259",          1.78,"23,713","23,020",          1.03,"46,739","26,274",          1.78,"23,729","23,010",          1.03
4884000000,경상남도 남해군 ,"40,770","22,755",          1.79,"19,910","20,860",          0.95,"40,782","22,793",          1.79,"19,933","20,849",          0.96,"40,949","22,978",          1.78,"20,020","20,929",          0.96,"40,965","23,011",          1.78,"20,040","20,925",          0.96
4885000000,경상남도 하동군 ,"39,803","23,166",          1.72,"20,027","19,776",          1.01,"39,696","23,168",          1.71,"19,976","19,720",          1.01,"39,631","23,168",          1.71,"19,949","19,682",          1.01,"39,616","23,171",          1.71,"19,933","19,683",          1.01
4886000000,경상남도 산청군 ,"32,661","19,501",          1.67,"16,252","16,409",          0.99,"32,601","19,501",          1.67,"16,239","16,362",          0.99,"32,584","19,520",          1.67,"16,240","16,344",          0.99,"32,641","19,546",          1.67,"16,282","16,359",          1.00
4887000000,경상남도 함양군 ,"35,320","20,157",          1.75,"17,337","17,983",          0.96,"35,293","20,163",          1.75,"17,330","17,963",          0.96,"35,228","20,190",          1.74,"17,310","17,918",          0.97,"35,163","20,170",          1.74,"17,269","17,894",          0.97
4888000000,경상남도 거창군 ,"58,738","31,004",          1.89,"28,921","29,817",          0.97,"58,578","30,956",          1.89,"28,831","29,747",          0.97,"58,751","31,223",          1.88,"28,945","29,806",          0.97,"58,733","31,245",          1.88,"28,935","29,798",          0.97
4889000000,경상남도 합천군 ,"38,882","23,173",          1.68,"19,249","19,633",          0.98,"38,758","23,160",          1.67,"19,207","19,551",          0.98,"38,742","23,201",          1.67,"19,208","19,534",          0.98,"38,705","23,211",          1.67,"19,197","19,508",          0.98
5000000000,제주특별자치도  ,"660,342","312,612",          2.11,"329,927","330,415",          1.00,"659,869","312,971",          2.11,"329,668","330,201",          1.00,"659,553","313,579",          2.10,"329,479","330,074",          1.00,"659,603","314,062",          2.10,"329,508","330,095",          1.00
5011000000,제주특별자치도 제주시 ,"482,084","224,668",          2.15,"240,260","241,824",          0.99,"481,839","224,961",          2.14,"240,121","241,718",          0.99,"481,715","225,482",          2.14,"239,989","241,726",          0.99,"481,659","225,811",          2.13,"239,955","241,704",          0.99
5013000000,제주특별자치도 서귀포시 ,"178,258","87,944",          2.03,"89,667","88,591",          1.01,"178,030","88,010",          2.02,"89,547","88,483",          1.01,"177,838","88,097",          2.02,"89,490","88,348",          1.01,"177,944","88,251",          2.02,"89,553","88,391",          1.01
